Name,RA,DEC,HostName,Obj. Type
ZTF17aabrylk,139.8257258217265,23.817219038859733,,
