Name,RA,DEC,HostName,Obj. Type
ZTF18acruvxz,82.48126473861866,44.57759506412664,,
